Icon,Code,Name,Icon ,Code ,Name 
<span class="mdi-icon" style="mask:url(../../assets/svgs/materialdesign/svg/arrow-down.svg);-webkit-mask-box-image:url(../../assets/svgs/materialdesign/svg/arrow-down.svg)"></span>, <code>E045</code>, arrow-down, 0xf0045, <span class="mdi-icon" style="mask:url(../../assets/svgs/materialdesign/svg/battery-high.svg);-webkit-mask-box-image:url(../../assets/svgs/materialdesign/svg/battery-high.svg)"></span>, <code>F2A3</code>, battery-high, 0xf12a3
<span class="mdi-icon" style="mask:url(../../assets/svgs/materialdesign/svg/arrow-down-box.svg);-webkit-mask-box-image:url(../../assets/svgs/materialdesign/svg/arrow-down-box.svg)"></span>, <code>E6C0</code>, arrow-down-box, 0xf06c0, <span class="mdi-icon" style="mask:url(../../assets/svgs/materialdesign/svg/battery-low.svg);-webkit-mask-box-image:url(../../assets/svgs/materialdesign/svg/battery-low.svg)"></span>, <code>F2A1</code>, battery-low, 0xf12a1
<span class="mdi-icon" style="mask:url(../../assets/svgs/materialdesign/svg/arrow-left.svg);-webkit-mask-box-image:url(../../assets/svgs/materialdesign/svg/arrow-left.svg)"></span>, <code>E04D</code>, arrow-left, 0xf004d, <span class="mdi-icon" style="mask:url(../../assets/svgs/materialdesign/svg/battery-medium.svg);-webkit-mask-box-image:url(../../assets/svgs/materialdesign/svg/battery-medium.svg)"></span>, <code>F2A2</code>, battery-medium, 0xf12a2
<span class="mdi-icon" style="mask:url(../../assets/svgs/materialdesign/svg/arrow-right.svg);-webkit-mask-box-image:url(../../assets/svgs/materialdesign/svg/arrow-right.svg)"></span>, <code>E054</code>, arrow-right, 0xf0054, <span class="mdi-icon" style="mask:url(../../assets/svgs/materialdesign/svg/battery-outline.svg);-webkit-mask-box-image:url(../../assets/svgs/materialdesign/svg/battery-outline.svg)"></span>, <code>E08E</code>, battery-outline, 0xf008e
<span class="mdi-icon" style="mask:url(../../assets/svgs/materialdesign/svg/arrow-up.svg);-webkit-mask-box-image:url(../../assets/svgs/materialdesign/svg/arrow-up.svg)"></span>, <code>E05D</code>, arrow-up, 0xf005d, <span class="mdi-icon" style="mask:url(../../assets/svgs/materialdesign/svg/ev-station.svg);-webkit-mask-box-image:url(../../assets/svgs/materialdesign/svg/ev-station.svg)"></span>, <code>E5F1</code>, ev-station, 0xf05f1
<span class="mdi-icon" style="mask:url(../../assets/svgs/materialdesign/svg/arrow-up-box.svg);-webkit-mask-box-image:url(../../assets/svgs/materialdesign/svg/arrow-up-box.svg)"></span>, <code>E6C3</code>, arrow-up-box, 0xf06c3, <span class="mdi-icon" style="mask:url(../../assets/svgs/materialdesign/svg/leaf.svg);-webkit-mask-box-image:url(../../assets/svgs/materialdesign/svg/leaf.svg)"></span>, <code>E32A</code>, leaf, 0xf032a
<span class="mdi-icon" style="mask:url(../../assets/svgs/materialdesign/svg/chevron-down.svg);-webkit-mask-box-image:url(../../assets/svgs/materialdesign/svg/chevron-down.svg)"></span>, <code>E140</code>, chevron-down, 0xf0140, <span class="mdi-icon" style="mask:url(../../assets/svgs/materialdesign/svg/lightning-bolt.svg);-webkit-mask-box-image:url(../../assets/svgs/materialdesign/svg/lightning-bolt.svg)"></span>, <code>F40B</code>, lightning-bolt, 0xf140b
<span class="mdi-icon" style="mask:url(../../assets/svgs/materialdesign/svg/chevron-left.svg);-webkit-mask-box-image:url(../../assets/svgs/materialdesign/svg/chevron-left.svg)"></span>, <code>E141</code>, chevron-left, 0xf0141, <span class="mdi-icon" style="mask:url(../../assets/svgs/materialdesign/svg/power.svg);-webkit-mask-box-image:url(../../assets/svgs/materialdesign/svg/power.svg)"></span>, <code>E425</code>, power, 0xf0425
<span class="mdi-icon" style="mask:url(../../assets/svgs/materialdesign/svg/chevron-right.svg);-webkit-mask-box-image:url(../../assets/svgs/materialdesign/svg/chevron-right.svg)"></span>, <code>E142</code>, chevron-right, 0xf0142, <span class="mdi-icon" style="mask:url(../../assets/svgs/materialdesign/svg/power-plug.svg);-webkit-mask-box-image:url(../../assets/svgs/materialdesign/svg/power-plug.svg)"></span>, <code>E6A5</code>, power-plug, 0xf06a5
<span class="mdi-icon" style="mask:url(../../assets/svgs/materialdesign/svg/chevron-up.svg);-webkit-mask-box-image:url(../../assets/svgs/materialdesign/svg/chevron-up.svg)"></span>, <code>E143</code>, chevron-up, 0xf0143, <span class="mdi-icon" style="mask:url(../../assets/svgs/materialdesign/svg/ceiling-light.svg);-webkit-mask-box-image:url(../../assets/svgs/materialdesign/svg/ceiling-light.svg)"></span>, <code>E769</code>, ceiling-light, 0xf0769
<span class="mdi-icon" style="mask:url(../../assets/svgs/materialdesign/svg/subdirectory-arrow-left.svg);-webkit-mask-box-image:url(../../assets/svgs/materialdesign/svg/subdirectory-arrow-left.svg)"></span>, <code>E60C</code>, subdirectory-arrow-left, 0xf060c, <span class="mdi-icon" style="mask:url(../../assets/svgs/materialdesign/svg/coach-lamp.svg);-webkit-mask-box-image:url(../../assets/svgs/materialdesign/svg/coach-lamp.svg)"></span>, <code>F020</code>, coach-lamp, 0xf1020
<span class="mdi-icon" style="mask:url(../../assets/svgs/materialdesign/svg/air-conditioner.svg);-webkit-mask-box-image:url(../../assets/svgs/materialdesign/svg/air-conditioner.svg)"></span>, <code>E01B</code>, air-conditioner, 0xf001b, <span class="mdi-icon" style="mask:url(../../assets/svgs/materialdesign/svg/desk-lamp.svg);-webkit-mask-box-image:url(../../assets/svgs/materialdesign/svg/desk-lamp.svg)"></span>, <code>E95F</code>, desk-lamp, 0xf095f
<span class="mdi-icon" style="mask:url(../../assets/svgs/materialdesign/svg/cloud-search-outline.svg);-webkit-mask-box-image:url(../../assets/svgs/materialdesign/svg/cloud-search-outline.svg)"></span>, <code>E957</code>, cloud-search-outline, 0xf0957, <span class="mdi-icon" style="mask:url(../../assets/svgs/materialdesign/svg/floor-lamp.svg);-webkit-mask-box-image:url(../../assets/svgs/materialdesign/svg/floor-lamp.svg)"></span>, <code>E8DD</code>, floor-lamp, 0xf08dd
<span class="mdi-icon" style="mask:url(../../assets/svgs/materialdesign/svg/fire.svg);-webkit-mask-box-image:url(../../assets/svgs/materialdesign/svg/fire.svg)"></span>, <code>E238</code>, fire, 0xf0238, <span class="mdi-icon" style="mask:url(../../assets/svgs/materialdesign/svg/lamp.svg);-webkit-mask-box-image:url(../../assets/svgs/materialdesign/svg/lamp.svg)"></span>, <code>E6B5</code>, lamp, 0xf06b5
<span class="mdi-icon" style="mask:url(../../assets/svgs/materialdesign/svg/radiator.svg);-webkit-mask-box-image:url(../../assets/svgs/materialdesign/svg/radiator.svg)"></span>, <code>E438</code>, radiator, 0xf0438, <span class="mdi-icon" style="mask:url(../../assets/svgs/materialdesign/svg/lightbulb.svg);-webkit-mask-box-image:url(../../assets/svgs/materialdesign/svg/lightbulb.svg)"></span>, <code>E335</code>, lightbulb, 0xf0335
<span class="mdi-icon" style="mask:url(../../assets/svgs/materialdesign/svg/radiator-disabled.svg);-webkit-mask-box-image:url(../../assets/svgs/materialdesign/svg/radiator-disabled.svg)"></span>, <code>EAD7</code>, radiator-disabled, 0xf0ad7, <span class="mdi-icon" style="mask:url(../../assets/svgs/materialdesign/svg/lightbulb-on.svg);-webkit-mask-box-image:url(../../assets/svgs/materialdesign/svg/lightbulb-on.svg)"></span>, <code>E6E8</code>, lightbulb-on, 0xf06e8
<span class="mdi-icon" style="mask:url(../../assets/svgs/materialdesign/svg/snowflake.svg);-webkit-mask-box-image:url(../../assets/svgs/materialdesign/svg/snowflake.svg)"></span>, <code>E717</code>, snowflake, 0xf0717, <span class="mdi-icon" style="mask:url(../../assets/svgs/materialdesign/svg/outdoor-lamp.svg);-webkit-mask-box-image:url(../../assets/svgs/materialdesign/svg/outdoor-lamp.svg)"></span>, <code>F054</code>, outdoor-lamp, 0xf1054
<span class="mdi-icon" style="mask:url(../../assets/svgs/materialdesign/svg/thermometer.svg);-webkit-mask-box-image:url(../../assets/svgs/materialdesign/svg/thermometer.svg)"></span>, <code>E50F</code>, thermometer, 0xf050f, <span class="mdi-icon" style="mask:url(../../assets/svgs/materialdesign/svg/string-lights.svg);-webkit-mask-box-image:url(../../assets/svgs/materialdesign/svg/string-lights.svg)"></span>, <code>F2BA</code>, string-lights, 0xf12ba
<span class="mdi-icon" style="mask:url(../../assets/svgs/materialdesign/svg/water.svg);-webkit-mask-box-image:url(../../assets/svgs/materialdesign/svg/water.svg)"></span>, <code>E58C</code>, water, 0xf058c, <span class="mdi-icon" style="mask:url(../../assets/svgs/materialdesign/svg/vanity-light.svg);-webkit-mask-box-image:url(../../assets/svgs/materialdesign/svg/vanity-light.svg)"></span>, <code>F1E1</code>, vanity-light, 0xf11e1
<span class="mdi-icon" style="mask:url(../../assets/svgs/materialdesign/svg/water-percent.svg);-webkit-mask-box-image:url(../../assets/svgs/materialdesign/svg/water-percent.svg)"></span>, <code>E58E</code>, water-percent, 0xf058e, <span class="mdi-icon" style="mask:url(../../assets/svgs/materialdesign/svg/wall-sconce.svg);-webkit-mask-box-image:url(../../assets/svgs/materialdesign/svg/wall-sconce.svg)"></span>, <code>E91C</code>, wall-sconce, 0xf091c
<span class="mdi-icon" style="mask:url(../../assets/svgs/materialdesign/svg/weather-cloudy.svg);-webkit-mask-box-image:url(../../assets/svgs/materialdesign/svg/weather-cloudy.svg)"></span>, <code>E590</code>, weather-cloudy, 0xf0590, <span class="mdi-icon" style="mask:url(../../assets/svgs/materialdesign/svg/check.svg);-webkit-mask-box-image:url(../../assets/svgs/materialdesign/svg/check.svg)"></span>, <code>E12C</code>, check, 0xf012c
<span class="mdi-icon" style="mask:url(../../assets/svgs/materialdesign/svg/weather-fog.svg);-webkit-mask-box-image:url(../../assets/svgs/materialdesign/svg/weather-fog.svg)"></span>, <code>E591</code>, weather-fog, 0xF0591, <span class="mdi-icon" style="mask:url(../../assets/svgs/materialdesign/svg/close.svg);-webkit-mask-box-image:url(../../assets/svgs/materialdesign/svg/close.svg)"></span>, <code>E156</code>, close, 0xf0156
<span class="mdi-icon" style="mask:url(../../assets/svgs/materialdesign/svg/weather-hail.svg);-webkit-mask-box-image:url(../../assets/svgs/materialdesign/svg/weather-hail.svg)"></span>, <code>E592</code>, weather-hail, 0xF0592, <span class="mdi-icon" style="mask:url(../../assets/svgs/materialdesign/svg/cog.svg);-webkit-mask-box-image:url(../../assets/svgs/materialdesign/svg/cog.svg)"></span>, <code>E493</code>, cog, 0xf0493
<span class="mdi-icon" style="mask:url(../../assets/svgs/materialdesign/svg/weather-lightning.svg);-webkit-mask-box-image:url(../../assets/svgs/materialdesign/svg/weather-lightning.svg)"></span>, <code>E593</code>, weather-lightning, 0xF0593, <span class="mdi-icon" style="mask:url(../../assets/svgs/materialdesign/svg/dots-vertical.svg);-webkit-mask-box-image:url(../../assets/svgs/materialdesign/svg/dots-vertical.svg)"></span>, <code>E1D9</code>, dots-vertical, 0xf01d9
<span class="mdi-icon" style="mask:url(../../assets/svgs/materialdesign/svg/weather-lightning-rainy.svg);-webkit-mask-box-image:url(../../assets/svgs/materialdesign/svg/weather-lightning-rainy.svg)"></span>, <code>E67E</code>, weather-lightning-rainy, 0xF067E, <span class="mdi-icon" style="mask:url(../../assets/svgs/materialdesign/svg/home.svg);-webkit-mask-box-image:url(../../assets/svgs/materialdesign/svg/home.svg)"></span>, <code>E2DC</code>, home, 0xf02dc
<span class="mdi-icon" style="mask:url(../../assets/svgs/materialdesign/svg/weather-night.svg);-webkit-mask-box-image:url(../../assets/svgs/materialdesign/svg/weather-night.svg)"></span>, <code>E594</code>, weather-night, 0xF0594, <span class="mdi-icon" style="mask:url(../../assets/svgs/materialdesign/svg/home-outline.svg);-webkit-mask-box-image:url(../../assets/svgs/materialdesign/svg/home-outline.svg)"></span>, <code>E6A1</code>, home-outline, 0xf06a1
<span class="mdi-icon" style="mask:url(../../assets/svgs/materialdesign/svg/weather-partly-cloudy.svg);-webkit-mask-box-image:url(../../assets/svgs/materialdesign/svg/weather-partly-cloudy.svg)"></span>, <code>E595</code>, weather-partly-cloudy, 0xF0595, <span class="mdi-icon" style="mask:url(../../assets/svgs/materialdesign/svg/minus.svg);-webkit-mask-box-image:url(../../assets/svgs/materialdesign/svg/minus.svg)"></span>, <code>E374</code>, minus, 0xf0374
<span class="mdi-icon" style="mask:url(../../assets/svgs/materialdesign/svg/weather-pouring.svg);-webkit-mask-box-image:url(../../assets/svgs/materialdesign/svg/weather-pouring.svg)"></span>, <code>E596</code>, weather-pouring, 0xF0596, <span class="mdi-icon" style="mask:url(../../assets/svgs/materialdesign/svg/plus.svg);-webkit-mask-box-image:url(../../assets/svgs/materialdesign/svg/plus.svg)"></span>, <code>E415</code>, plus, 0xf0415
<span class="mdi-icon" style="mask:url(../../assets/svgs/materialdesign/svg/weather-rainy.svg);-webkit-mask-box-image:url(../../assets/svgs/materialdesign/svg/weather-rainy.svg)"></span>, <code>E597</code>, weather-rainy, 0xF0597, <span class="mdi-icon" style="mask:url(../../assets/svgs/materialdesign/svg/bed.svg);-webkit-mask-box-image:url(../../assets/svgs/materialdesign/svg/bed.svg)"></span>, <code>E2E3</code>, bed, 0xf02e3
<span class="mdi-icon" style="mask:url(../../assets/svgs/materialdesign/svg/weather-snowy.svg);-webkit-mask-box-image:url(../../assets/svgs/materialdesign/svg/weather-snowy.svg)"></span>, <code>E598</code>, weather-snowy, 0xF0598, <span class="mdi-icon" style="mask:url(../../assets/svgs/materialdesign/svg/car.svg);-webkit-mask-box-image:url(../../assets/svgs/materialdesign/svg/car.svg)"></span>, <code>E10B</code>, car, 0xf010b
<span class="mdi-icon" style="mask:url(../../assets/svgs/materialdesign/svg/weather-snowy-rainy.svg);-webkit-mask-box-image:url(../../assets/svgs/materialdesign/svg/weather-snowy-rainy.svg)"></span>, <code>E67F</code>, weather-snowy-rainy, 0xF067F, <span class="mdi-icon" style="mask:url(../../assets/svgs/materialdesign/svg/coffee.svg);-webkit-mask-box-image:url(../../assets/svgs/materialdesign/svg/coffee.svg)"></span>, <code>E176</code>, coffee, 0xf0176
<span class="mdi-icon" style="mask:url(../../assets/svgs/materialdesign/svg/weather-sunny.svg);-webkit-mask-box-image:url(../../assets/svgs/materialdesign/svg/weather-sunny.svg)"></span>, <code>E599</code>, weather-sunny, 0xF0599, <span class="mdi-icon" style="mask:url(../../assets/svgs/materialdesign/svg/pool.svg);-webkit-mask-box-image:url(../../assets/svgs/materialdesign/svg/pool.svg)"></span>, <code>E606</code>, pool, 0xf0606
<span class="mdi-icon" style="mask:url(../../assets/svgs/materialdesign/svg/weather-windy.svg);-webkit-mask-box-image:url(../../assets/svgs/materialdesign/svg/weather-windy.svg)"></span>, <code>E59D</code>, weather-windy, 0xF059D, <span class="mdi-icon" style="mask:url(../../assets/svgs/materialdesign/svg/shower.svg);-webkit-mask-box-image:url(../../assets/svgs/materialdesign/svg/shower.svg)"></span>, <code>E9A0</code>, shower, 0xf09a0
<span class="mdi-icon" style="mask:url(../../assets/svgs/materialdesign/svg/weather-windy-variant.svg);-webkit-mask-box-image:url(../../assets/svgs/materialdesign/svg/weather-windy-variant.svg)"></span>, <code>E59E</code>, weather-windy-variant, 0xF059E, <span class="mdi-icon" style="mask:url(../../assets/svgs/materialdesign/svg/silverware-fork-knife.svg);-webkit-mask-box-image:url(../../assets/svgs/materialdesign/svg/silverware-fork-knife.svg)"></span>, <code>EA70</code>, silverware-fork-knife, 0xf0a70
<span class="mdi-icon" style="mask:url(../../assets/svgs/materialdesign/svg/white-balance-sunny.svg);-webkit-mask-box-image:url(../../assets/svgs/materialdesign/svg/white-balance-sunny.svg)"></span>, <code>E5A8</code>, white-balance-sunny, 0xf05a8, <span class="mdi-icon" style="mask:url(../../assets/svgs/materialdesign/svg/sofa.svg);-webkit-mask-box-image:url(../../assets/svgs/materialdesign/svg/sofa.svg)"></span>, <code>E4B9</code>, sofa, 0xf04b9
<span class="mdi-icon" style="mask:url(../../assets/svgs/materialdesign/svg/calendar.svg);-webkit-mask-box-image:url(../../assets/svgs/materialdesign/svg/calendar.svg)"></span>, <code>E0ED</code>, calendar, 0xF00ED, <span class="mdi-icon" style="mask:url(../../assets/svgs/materialdesign/svg/toilet.svg);-webkit-mask-box-image:url(../../assets/svgs/materialdesign/svg/toilet.svg)"></span>, <code>E9AB</code>, toilet, 0xf09ab
<span class="mdi-icon" style="mask:url(../../assets/svgs/materialdesign/svg/clock-outline.svg);-webkit-mask-box-image:url(../../assets/svgs/materialdesign/svg/clock-outline.svg)"></span>, <code>E150</code>, clock-outline, 0xf0150, <span class="mdi-icon" style="mask:url(../../assets/svgs/materialdesign/svg/account.svg);-webkit-mask-box-image:url(../../assets/svgs/materialdesign/svg/account.svg)"></span>, <code>E004</code>, account, 0xf0004
<span class="mdi-icon" style="mask:url(../../assets/svgs/materialdesign/svg/history.svg);-webkit-mask-box-image:url(../../assets/svgs/materialdesign/svg/history.svg)"></span>, <code>E2DA</code>, history, 0xF02DA, <span class="mdi-icon" style="mask:url(../../assets/svgs/materialdesign/svg/human-greeting.svg);-webkit-mask-box-image:url(../../assets/svgs/materialdesign/svg/human-greeting.svg)"></span>, <code>E64A</code>, human-greeting, 0xf064a
<span class="mdi-icon" style="mask:url(../../assets/svgs/materialdesign/svg/timer-outline.svg);-webkit-mask-box-image:url(../../assets/svgs/materialdesign/svg/timer-outline.svg)"></span>, <code>E51B</code>, timer-outline, 0xf051b, <span class="mdi-icon" style="mask:url(../../assets/svgs/materialdesign/svg/run.svg);-webkit-mask-box-image:url(../../assets/svgs/materialdesign/svg/run.svg)"></span>, <code>E70E</code>, run, 0xf070e
<span class="mdi-icon" style="mask:url(../../assets/svgs/materialdesign/svg/bluetooth.svg);-webkit-mask-box-image:url(../../assets/svgs/materialdesign/svg/bluetooth.svg)"></span>, <code>E0AF</code>, bluetooth, 0xf00af, <span class="mdi-icon" style="mask:url(../../assets/svgs/materialdesign/svg/alert.svg);-webkit-mask-box-image:url(../../assets/svgs/materialdesign/svg/alert.svg)"></span>, <code>E026</code>, alert, 0xf0026
<span class="mdi-icon" style="mask:url(../../assets/svgs/materialdesign/svg/wifi.svg);-webkit-mask-box-image:url(../../assets/svgs/materialdesign/svg/wifi.svg)"></span>, <code>E5A9</code>, wifi, 0xf05a9, <span class="mdi-icon" style="mask:url(../../assets/svgs/materialdesign/svg/cctv.svg);-webkit-mask-box-image:url(../../assets/svgs/materialdesign/svg/cctv.svg)"></span>, <code>E7AE</code>, cctv, 0xF07AE
<span class="mdi-icon" style="mask:url(../../assets/svgs/materialdesign/svg/blinds.svg);-webkit-mask-box-image:url(../../assets/svgs/materialdesign/svg/blinds.svg)"></span>, <code>E0AC</code>, blinds, 0xf00ac, <span class="mdi-icon" style="mask:url(../../assets/svgs/materialdesign/svg/door-closed.svg);-webkit-mask-box-image:url(../../assets/svgs/materialdesign/svg/door-closed.svg)"></span>, <code>E81B</code>, door-closed, 0xf081b
<span class="mdi-icon" style="mask:url(../../assets/svgs/materialdesign/svg/blinds-open.svg);-webkit-mask-box-image:url(../../assets/svgs/materialdesign/svg/blinds-open.svg)"></span>, <code>F011</code>, blinds-open, 0xf1011, <span class="mdi-icon" style="mask:url(../../assets/svgs/materialdesign/svg/door-closed-lock.svg);-webkit-mask-box-image:url(../../assets/svgs/materialdesign/svg/door-closed-lock.svg)"></span>, <code>F0AF</code>, door-closed-lock, 0xf10af
<span class="mdi-icon" style="mask:url(../../assets/svgs/materialdesign/svg/garage-open-variant.svg);-webkit-mask-box-image:url(../../assets/svgs/materialdesign/svg/garage-open-variant.svg)"></span>, <code>F2D4</code>, garage-open-variant, 0xf12d4, <span class="mdi-icon" style="mask:url(../../assets/svgs/materialdesign/svg/door-open.svg);-webkit-mask-box-image:url(../../assets/svgs/materialdesign/svg/door-open.svg)"></span>, <code>E81C</code>, door-open, 0xf081c
<span class="mdi-icon" style="mask:url(../../assets/svgs/materialdesign/svg/garage-variant.svg);-webkit-mask-box-image:url(../../assets/svgs/materialdesign/svg/garage-variant.svg)"></span>, <code>F2D3</code>, garage-variant, 0xf12d3, <span class="mdi-icon" style="mask:url(../../assets/svgs/materialdesign/svg/key-variant.svg);-webkit-mask-box-image:url(../../assets/svgs/materialdesign/svg/key-variant.svg)"></span>, <code>E30B</code>, key-variant, 0xf030b
<span class="mdi-icon" style="mask:url(../../assets/svgs/materialdesign/svg/window-shutter.svg);-webkit-mask-box-image:url(../../assets/svgs/materialdesign/svg/window-shutter.svg)"></span>, <code>F11C</code>, window-shutter, 0xf111c, <span class="mdi-icon" style="mask:url(../../assets/svgs/materialdesign/svg/lock.svg);-webkit-mask-box-image:url(../../assets/svgs/materialdesign/svg/lock.svg)"></span>, <code>E33E</code>, lock, 0xf033e
<span class="mdi-icon" style="mask:url(../../assets/svgs/materialdesign/svg/window-shutter-alert.svg);-webkit-mask-box-image:url(../../assets/svgs/materialdesign/svg/window-shutter-alert.svg)"></span>, <code>F11D</code>, window-shutter-alert, 0xf111d, <span class="mdi-icon" style="mask:url(../../assets/svgs/materialdesign/svg/lock-open-variant.svg);-webkit-mask-box-image:url(../../assets/svgs/materialdesign/svg/lock-open-variant.svg)"></span>, <code>EFC6</code>, lock-open-variant, 0xf0fc6
<span class="mdi-icon" style="mask:url(../../assets/svgs/materialdesign/svg/window-shutter-open.svg);-webkit-mask-box-image:url(../../assets/svgs/materialdesign/svg/window-shutter-open.svg)"></span>, <code>F11E</code>, window-shutter-open, 0xf111e, <span class="mdi-icon" style="mask:url(../../assets/svgs/materialdesign/svg/shield-check.svg);-webkit-mask-box-image:url(../../assets/svgs/materialdesign/svg/shield-check.svg)"></span>, <code>E565</code>, shield-check, 0xf0565
<span class="mdi-icon" style="mask:url(../../assets/svgs/materialdesign/svg/bell.svg);-webkit-mask-box-image:url(../../assets/svgs/materialdesign/svg/bell.svg)"></span>, <code>E09A</code>, bell, 0xf009a, <span class="mdi-icon" style="mask:url(../../assets/svgs/materialdesign/svg/shield-home.svg);-webkit-mask-box-image:url(../../assets/svgs/materialdesign/svg/shield-home.svg)"></span>, <code>E68A</code>, shield-home, 0xf068a
<span class="mdi-icon" style="mask:url(../../assets/svgs/materialdesign/svg/cellphone.svg);-webkit-mask-box-image:url(../../assets/svgs/materialdesign/svg/cellphone.svg)"></span>, <code>E11C</code>, cellphone, 0xf011c, <span class="mdi-icon" style="mask:url(../../assets/svgs/materialdesign/svg/shield-lock.svg);-webkit-mask-box-image:url(../../assets/svgs/materialdesign/svg/shield-lock.svg)"></span>, <code>E99D</code>, shield-lock, 0xf099d
<span class="mdi-icon" style="mask:url(../../assets/svgs/materialdesign/svg/dishwasher.svg);-webkit-mask-box-image:url(../../assets/svgs/materialdesign/svg/dishwasher.svg)"></span>, <code>EAAC</code>, dishwasher, 0xf0aac, <span class="mdi-icon" style="mask:url(../../assets/svgs/materialdesign/svg/window-closed-variant.svg);-webkit-mask-box-image:url(../../assets/svgs/materialdesign/svg/window-closed-variant.svg)"></span>, <code>F1DB</code>, window-closed-variant, 0xF11DB
<span class="mdi-icon" style="mask:url(../../assets/svgs/materialdesign/svg/engine.svg);-webkit-mask-box-image:url(../../assets/svgs/materialdesign/svg/engine.svg)"></span>, <code>E1FA</code>, engine, 0xf01fa, <span class="mdi-icon" style="mask:url(../../assets/svgs/materialdesign/svg/monitor-speaker.svg);-webkit-mask-box-image:url(../../assets/svgs/materialdesign/svg/monitor-speaker.svg)"></span>, <code>EF5F</code>, monitor-speaker, 0xf0f5f
<span class="mdi-icon" style="mask:url(../../assets/svgs/materialdesign/svg/fan.svg);-webkit-mask-box-image:url(../../assets/svgs/materialdesign/svg/fan.svg)"></span>, <code>E210</code>, fan, 0xf0210, <span class="mdi-icon" style="mask:url(../../assets/svgs/materialdesign/svg/music.svg);-webkit-mask-box-image:url(../../assets/svgs/materialdesign/svg/music.svg)"></span>, <code>E75A</code>, music, 0xf075a
<span class="mdi-icon" style="mask:url(../../assets/svgs/materialdesign/svg/fountain.svg);-webkit-mask-box-image:url(../../assets/svgs/materialdesign/svg/fountain.svg)"></span>, <code>E96B</code>, fountain, 0xF096B, <span class="mdi-icon" style="mask:url(../../assets/svgs/materialdesign/svg/pause.svg);-webkit-mask-box-image:url(../../assets/svgs/materialdesign/svg/pause.svg)"></span>, <code>E3E4</code>, pause, 0xf03e4
<span class="mdi-icon" style="mask:url(../../assets/svgs/materialdesign/svg/fridge-outline.svg);-webkit-mask-box-image:url(../../assets/svgs/materialdesign/svg/fridge-outline.svg)"></span>, <code>E28F</code>, fridge-outline, 0xF028F, <span class="mdi-icon" style="mask:url(../../assets/svgs/materialdesign/svg/play.svg);-webkit-mask-box-image:url(../../assets/svgs/materialdesign/svg/play.svg)"></span>, <code>E40A</code>, play, 0xf040a
<span class="mdi-icon" style="mask:url(../../assets/svgs/materialdesign/svg/kettle.svg);-webkit-mask-box-image:url(../../assets/svgs/materialdesign/svg/kettle.svg)"></span>, <code>E5FA</code>, kettle, 0xf05fa, <span class="mdi-icon" style="mask:url(../../assets/svgs/materialdesign/svg/repeat.svg);-webkit-mask-box-image:url(../../assets/svgs/materialdesign/svg/repeat.svg)"></span>, <code>E456</code>, repeat, 0xf0456
<span class="mdi-icon" style="mask:url(../../assets/svgs/materialdesign/svg/laptop.svg);-webkit-mask-box-image:url(../../assets/svgs/materialdesign/svg/laptop.svg)"></span>, <code>E322</code>, laptop, 0xf0322, <span class="mdi-icon" style="mask:url(../../assets/svgs/materialdesign/svg/repeat-off.svg);-webkit-mask-box-image:url(../../assets/svgs/materialdesign/svg/repeat-off.svg)"></span>, <code>E457</code>, repeat-off, 0xf0457
<span class="mdi-icon" style="mask:url(../../assets/svgs/materialdesign/svg/microwave.svg);-webkit-mask-box-image:url(../../assets/svgs/materialdesign/svg/microwave.svg)"></span>, <code>EC99</code>, microwave, 0xF0C99, <span class="mdi-icon" style="mask:url(../../assets/svgs/materialdesign/svg/repeat-once.svg);-webkit-mask-box-image:url(../../assets/svgs/materialdesign/svg/repeat-once.svg)"></span>, <code>E458</code>, repeat-once, 0xf0458
<span class="mdi-icon" style="mask:url(../../assets/svgs/materialdesign/svg/recycle.svg);-webkit-mask-box-image:url(../../assets/svgs/materialdesign/svg/recycle.svg)"></span>, <code>E44C</code>, recycle, 0xF044C, <span class="mdi-icon" style="mask:url(../../assets/svgs/materialdesign/svg/shuffle.svg);-webkit-mask-box-image:url(../../assets/svgs/materialdesign/svg/shuffle.svg)"></span>, <code>E49D</code>, shuffle, 0xf049d
<span class="mdi-icon" style="mask:url(../../assets/svgs/materialdesign/svg/robot-mower-outline.svg);-webkit-mask-box-image:url(../../assets/svgs/materialdesign/svg/robot-mower-outline.svg)"></span>, <code>F1F3</code>, robot-mower-outline, 0xf11f3, <span class="mdi-icon" style="mask:url(../../assets/svgs/materialdesign/svg/shuffle-disabled.svg);-webkit-mask-box-image:url(../../assets/svgs/materialdesign/svg/shuffle-disabled.svg)"></span>, <code>E49E</code>, shuffle-disabled, 0xf049e
<span class="mdi-icon" style="mask:url(../../assets/svgs/materialdesign/svg/robot-vacuum.svg);-webkit-mask-box-image:url(../../assets/svgs/materialdesign/svg/robot-vacuum.svg)"></span>, <code>E70D</code>, robot-vacuum, 0xf070d, <span class="mdi-icon" style="mask:url(../../assets/svgs/materialdesign/svg/skip-next.svg);-webkit-mask-box-image:url(../../assets/svgs/materialdesign/svg/skip-next.svg)"></span>, <code>E4AD</code>, skip-next, 0xf04ad
<span class="mdi-icon" style="mask:url(../../assets/svgs/materialdesign/svg/stove.svg);-webkit-mask-box-image:url(../../assets/svgs/materialdesign/svg/stove.svg)"></span>, <code>E4DE</code>, stove, 0xf04de, <span class="mdi-icon" style="mask:url(../../assets/svgs/materialdesign/svg/skip-previous.svg);-webkit-mask-box-image:url(../../assets/svgs/materialdesign/svg/skip-previous.svg)"></span>, <code>E4AE</code>, skip-previous, 0xf04ae
<span class="mdi-icon" style="mask:url(../../assets/svgs/materialdesign/svg/television.svg);-webkit-mask-box-image:url(../../assets/svgs/materialdesign/svg/television.svg)"></span>, <code>E502</code>, television, 0xf0502, <span class="mdi-icon" style="mask:url(../../assets/svgs/materialdesign/svg/speaker.svg);-webkit-mask-box-image:url(../../assets/svgs/materialdesign/svg/speaker.svg)"></span>, <code>E4C3</code>, speaker, 0xf04c3
<span class="mdi-icon" style="mask:url(../../assets/svgs/materialdesign/svg/trash-can-outline.svg);-webkit-mask-box-image:url(../../assets/svgs/materialdesign/svg/trash-can-outline.svg)"></span>, <code>EA7A</code>, trash-can-outline, 0xF0A7A, <span class="mdi-icon" style="mask:url(../../assets/svgs/materialdesign/svg/stop.svg);-webkit-mask-box-image:url(../../assets/svgs/materialdesign/svg/stop.svg)"></span>, <code>E4DB</code>, stop, 0xf04db
<span class="mdi-icon" style="mask:url(../../assets/svgs/materialdesign/svg/tumble-dryer.svg);-webkit-mask-box-image:url(../../assets/svgs/materialdesign/svg/tumble-dryer.svg)"></span>, <code>E917</code>, tumble-dryer, 0xf0917, <span class="mdi-icon" style="mask:url(../../assets/svgs/materialdesign/svg/volume-high.svg);-webkit-mask-box-image:url(../../assets/svgs/materialdesign/svg/volume-high.svg)"></span>, <code>E57E</code>, volume-high, 0xf057e
<span class="mdi-icon" style="mask:url(../../assets/svgs/materialdesign/svg/washing-machine.svg);-webkit-mask-box-image:url(../../assets/svgs/materialdesign/svg/washing-machine.svg)"></span>, <code>E72A</code>, washing-machine, 0xf072a, <span class="mdi-icon" style="mask:url(../../assets/svgs/materialdesign/svg/volume-medium.svg);-webkit-mask-box-image:url(../../assets/svgs/materialdesign/svg/volume-medium.svg)"></span>, <code>E580</code>, volume-medium, 0xf0580
<span class="mdi-icon" style="mask:url(../../assets/svgs/materialdesign/svg/water-pump.svg);-webkit-mask-box-image:url(../../assets/svgs/materialdesign/svg/water-pump.svg)"></span>, <code>E58F</code>, water-pump, 0xf058f, <span class="mdi-icon" style="mask:url(../../assets/svgs/materialdesign/svg/volume-mute.svg);-webkit-mask-box-image:url(../../assets/svgs/materialdesign/svg/volume-mute.svg)"></span>, <code>E75F</code>, volume-mute, 0xf075f
